<?xml version="1.0" encoding="UTF-8"?>
<!DOCTYPE mapper
    PUBLIC "-//mybatis.org//DTD Mapper 3.0//EN"
    "http://mybatis.org/dtd/mybatis-3-mapper.dtd">

<mapper namespace="member.memberDao">
	<select id="selectAll" resultType="com.woongjin.intern.member.dto.MemberDto">
		select * from member
	</select>	
	<select id="selectOne" parameterType="java.lang.String" resultType="com.woongjin.intern.member.dto.MemberDto">
		select * from member where mId=#{mId}
	</select>
	<insert id="insertMember" parameterType="com.woongjin.intern.member.dto.MemberDto">
	    insert into member (mId, mName, mPw, mPhone,mEmail1,mEmail2,mPlatForm,mJoinDate) values (
	    	#{mId}, #{mName}, #{mPw}, #{mPhone}, #{mEmail1}, #{mEmail2}, #{mPlatForm}, #{mJoinDate}
	    )
	</insert>
	<delete id="deleteMember" parameterType="java.util.HashMap">
	    DELETE FROM member WHERE mId=#{mId}
	</delete>
	<update id="updateMember" parameterType="com.woongjin.intern.member.dto.MemberDto">
	    	UPDATE member SET mName=#{mName}, mPw=#{mPw}, mPhone=#{mPhone}, mEmail1=#{mEmail1}, mEmail2=#{mEmail2},
	    	 mPlatForm=#{mPlatForm} WHERE mId=#{mId}
	</update>
	<select id="loginMember" parameterType="java.util.HashMap" resultType="com.woongjin.intern.member.dto.MemberDto">
	    	select * from member where mId=#{mId} and mPw=#{mPw}
	</select>

</mapper>